"Problem","Package","File","Priority","Line","Description","Rule set","Rule"
"1","org.apache.commons.math.analysis.interpolation","data/temp/Math_39b/src/main/java/org/apache/commons/math/analysis/interpolation/BicubicSplineInterpolatingFunction.java","3","91","The constructor 'BicubicSplineInterpolatingFunction(double[], double[], double[][], double[][], double[][], double[][])' has a cyclomatic complexity of 24.","Design","CyclomaticComplexity"
"1","org.apache.commons.math.analysis.interpolation","data/temp/Math_39b/src/main/java/org/apache/commons/math/analysis/interpolation/BicubicSplineInterpolator.java","3","36","The method 'interpolate(double[], double[], double[][])' has a cyclomatic complexity of 19.","Design","CyclomaticComplexity"
"1","org.apache.commons.math.analysis.interpolation","data/temp/Math_39b/src/main/java/org/apache/commons/math/analysis/interpolation/LoessInterpolator.java","3","204","The method 'smooth(double[], double[], double[])' has a cyclomatic complexity of 20.","Design","CyclomaticComplexity"
"1","org.apache.commons.math.analysis.interpolation","data/temp/Math_39b/src/main/java/org/apache/commons/math/analysis/interpolation/MicrosphereInterpolatingFunction.java","3","146","The constructor 'MicrosphereInterpolatingFunction(double[][], double[], int, int, UnitSphereRandomVectorGenerator)' has a cyclomatic complexity of 16.","Design","CyclomaticComplexity"
"1","org.apache.commons.math.analysis.interpolation","data/temp/Math_39b/src/main/java/org/apache/commons/math/analysis/interpolation/SmoothingPolynomialBicubicSplineInterpolator.java","3","71","The method 'interpolate(double[], double[], double[][])' has a cyclomatic complexity of 18.","Design","CyclomaticComplexity"
"1","org.apache.commons.math.analysis.interpolation","data/temp/Math_39b/src/main/java/org/apache/commons/math/analysis/interpolation/TricubicSplineInterpolatingFunction.java","3","145","The constructor 'TricubicSplineInterpolatingFunction(double[], double[], double[], double[][][], double[][][], double[][][], double[][][], double[][][], double[][][], double[][][], double[][][])' has a cyclomatic complexity of 58.","Design","CyclomaticComplexity"
"2","org.apache.commons.math.analysis.interpolation","data/temp/Math_39b/src/main/java/org/apache/commons/math/analysis/interpolation/TricubicSplineInterpolatingFunction.java","3","449","The method 'value(double, double, double)' has a cyclomatic complexity of 13.","Design","CyclomaticComplexity"
"1","org.apache.commons.math.analysis.interpolation","data/temp/Math_39b/src/main/java/org/apache/commons/math/analysis/interpolation/TricubicSplineInterpolator.java","3","34","The method 'interpolate(double[], double[], double[], double[][][])' has a cyclomatic complexity of 30.","Design","CyclomaticComplexity"
"1","org.apache.commons.math.analysis.polynomials","data/temp/Math_39b/src/main/java/org/apache/commons/math/analysis/polynomials/PolynomialFunction.java","3","286","The method 'toString()' has a cyclomatic complexity of 10.","Design","CyclomaticComplexity"
"1","org.apache.commons.math.analysis.solvers","data/temp/Math_39b/src/main/java/org/apache/commons/math/analysis/solvers/BaseSecantSolver.java","3","130","The method 'doSolve()' has a cyclomatic complexity of 34.","Design","CyclomaticComplexity"
"1","org.apache.commons.math.analysis.solvers","data/temp/Math_39b/src/main/java/org/apache/commons/math/analysis/solvers/BracketingNthOrderBrentSolver.java","3","143","The method 'doSolve()' has a cyclomatic complexity of 33.","Design","CyclomaticComplexity"
"1","org.apache.commons.math.analysis.solvers","data/temp/Math_39b/src/main/java/org/apache/commons/math/analysis/solvers/BrentSolver.java","3","137","The method 'brent(double, double, double, double)' has a cyclomatic complexity of 17.","Design","CyclomaticComplexity"
"1","org.apache.commons.math.analysis.solvers","data/temp/Math_39b/src/main/java/org/apache/commons/math/analysis/solvers/LaguerreSolver.java","3","251","The method 'solve(Complex[], Complex)' has a cyclomatic complexity of 11.","Design","CyclomaticComplexity"
"1","org.apache.commons.math.analysis.solvers","data/temp/Math_39b/src/main/java/org/apache/commons/math/analysis/solvers/MullerSolver.java","3","122","The method 'solve(double, double, double, double)' has a cyclomatic complexity of 11.","Design","CyclomaticComplexity"
"1","org.apache.commons.math.analysis.solvers","data/temp/Math_39b/src/main/java/org/apache/commons/math/analysis/solvers/MullerSolver2.java","3","82","The method 'doSolve()' has a cyclomatic complexity of 13.","Design","CyclomaticComplexity"
"1","org.apache.commons.math.analysis.solvers","data/temp/Math_39b/src/main/java/org/apache/commons/math/analysis/solvers/RiddersSolver.java","3","66","The method 'doSolve()' has a cyclomatic complexity of 10.","Design","CyclomaticComplexity"
"1","org.apache.commons.math.analysis.solvers","data/temp/Math_39b/src/main/java/org/apache/commons/math/analysis/solvers/UnivariateRealSolverUtils.java","3","94","The method 'forceSide(int, UnivariateFunction, BracketedUnivariateRealSolver<UnivariateFunction>, double, double, double, AllowedSolution)' has a cyclomatic complexity of 14.","Design","CyclomaticComplexity"
"2","org.apache.commons.math.analysis.solvers","data/temp/Math_39b/src/main/java/org/apache/commons/math/analysis/solvers/UnivariateRealSolverUtils.java","3","242","The method 'bracket(UnivariateFunction, double, double, double, int)' has a cyclomatic complexity of 11.","Design","CyclomaticComplexity"
"1","org.apache.commons.math.complex","data/temp/Math_39b/src/main/java/org/apache/commons/math/complex/Complex.java","3","57","The class 'Complex' has a total cyclomatic complexity of 117 (highest 8).","Design","CyclomaticComplexity"
"1","org.apache.commons.math.dfp","data/temp/Math_39b/src/main/java/org/apache/commons/math/dfp/BracketingNthOrderBrentSolverDFP.java","3","180","The method 'solve(int, UnivariateDfpFunction, Dfp, Dfp, Dfp, AllowedSolution)' has a cyclomatic complexity of 35.","Design","CyclomaticComplexity"
"1","org.apache.commons.math.dfp","data/temp/Math_39b/src/main/java/org/apache/commons/math/dfp/Dfp.java","3","96","The class 'Dfp' has a total cyclomatic complexity of 413 (highest 39).","Design","CyclomaticComplexity"
"2","org.apache.commons.math.dfp","data/temp/Math_39b/src/main/java/org/apache/commons/math/dfp/Dfp.java","3","334","The constructor 'Dfp(DfpField, String)' has a cyclomatic complexity of 39.","Design","CyclomaticComplexity"
"3","org.apache.commons.math.dfp","data/temp/Math_39b/src/main/java/org/apache/commons/math/dfp/Dfp.java","3","944","The method 'compare(Dfp, Dfp)' has a cyclomatic complexity of 20.","Design","CyclomaticComplexity"
"4","org.apache.commons.math.dfp","data/temp/Math_39b/src/main/java/org/apache/commons/math/dfp/Dfp.java","3","1044","The method 'trunc(RoundingMode)' has a cyclomatic complexity of 17.","Design","CyclomaticComplexity"
"5","org.apache.commons.math.dfp","data/temp/Math_39b/src/main/java/org/apache/commons/math/dfp/Dfp.java","3","1251","The method 'add(Dfp)' has a cyclomatic complexity of 32.","Design","CyclomaticComplexity"
"6","org.apache.commons.math.dfp","data/temp/Math_39b/src/main/java/org/apache/commons/math/dfp/Dfp.java","3","1417","The method 'round(int)' has a cyclomatic complexity of 15.","Design","CyclomaticComplexity"
"7","org.apache.commons.math.dfp","data/temp/Math_39b/src/main/java/org/apache/commons/math/dfp/Dfp.java","3","1496","The method 'multiply(Dfp)' has a cyclomatic complexity of 29.","Design","CyclomaticComplexity"
"8","org.apache.commons.math.dfp","data/temp/Math_39b/src/main/java/org/apache/commons/math/dfp/Dfp.java","3","1603","The method 'multiply(int)' has a cyclomatic complexity of 13.","Design","CyclomaticComplexity"
"9","org.apache.commons.math.dfp","data/temp/Math_39b/src/main/java/org/apache/commons/math/dfp/Dfp.java","3","1665","The method 'divide(Dfp)' has a cyclomatic complexity of 39.","Design","CyclomaticComplexity"
"10","org.apache.commons.math.dfp","data/temp/Math_39b/src/main/java/org/apache/commons/math/dfp/Dfp.java","3","1880","The method 'divide(int)' has a cyclomatic complexity of 10.","Design","CyclomaticComplexity"
"11","org.apache.commons.math.dfp","data/temp/Math_39b/src/main/java/org/apache/commons/math/dfp/Dfp.java","3","1948","The method 'sqrt()' has a cyclomatic complexity of 17.","Design","CyclomaticComplexity"
"12","org.apache.commons.math.dfp","data/temp/Math_39b/src/main/java/org/apache/commons/math/dfp/Dfp.java","3","2066","The method 'dfp2sci()' has a cyclomatic complexity of 11.","Design","CyclomaticComplexity"
"13","org.apache.commons.math.dfp","data/temp/Math_39b/src/main/java/org/apache/commons/math/dfp/Dfp.java","3","2147","The method 'dfp2string()' has a cyclomatic complexity of 11.","Design","CyclomaticComplexity"
"14","org.apache.commons.math.dfp","data/temp/Math_39b/src/main/java/org/apache/commons/math/dfp/Dfp.java","3","2224","The method 'dotrap(int, String, Dfp, Dfp)' has a cyclomatic complexity of 14.","Design","CyclomaticComplexity"
"15","org.apache.commons.math.dfp","data/temp/Math_39b/src/main/java/org/apache/commons/math/dfp/Dfp.java","3","2322","The method 'nextAfter(Dfp)' has a cyclomatic complexity of 13.","Design","CyclomaticComplexity"
"16","org.apache.commons.math.dfp","data/temp/Math_39b/src/main/java/org/apache/commons/math/dfp/Dfp.java","3","2394","The method 'toDouble()' has a cyclomatic complexity of 18.","Design","CyclomaticComplexity"
"1","org.apache.commons.math.dfp","data/temp/Math_39b/src/main/java/org/apache/commons/math/dfp/DfpDec.java","3","165","The method 'round(int)' has a cyclomatic complexity of 23.","Design","CyclomaticComplexity"
"2","org.apache.commons.math.dfp","data/temp/Math_39b/src/main/java/org/apache/commons/math/dfp/DfpDec.java","3","293","The method 'nextAfter(Dfp)' has a cyclomatic complexity of 15.","Design","CyclomaticComplexity"
"1","org.apache.commons.math.dfp","data/temp/Math_39b/src/main/java/org/apache/commons/math/dfp/DfpField.java","3","527","The method 'split(String)' has a cyclomatic complexity of 13.","Design","CyclomaticComplexity"
"1","org.apache.commons.math.dfp","data/temp/Math_39b/src/main/java/org/apache/commons/math/dfp/DfpMath.java","3","25","The class 'DfpMath' has a total cyclomatic complexity of 119 (highest 40).","Design","CyclomaticComplexity"
"2","org.apache.commons.math.dfp","data/temp/Math_39b/src/main/java/org/apache/commons/math/dfp/DfpMath.java","3","45","The method 'split(DfpField, String)' has a cyclomatic complexity of 13.","Design","CyclomaticComplexity"
"3","org.apache.commons.math.dfp","data/temp/Math_39b/src/main/java/org/apache/commons/math/dfp/DfpMath.java","3","505","The method 'pow(Dfp, Dfp)' has a cyclomatic complexity of 40.","Design","CyclomaticComplexity"
"1","org.apache.commons.math.distribution","data/temp/Math_39b/src/main/java/org/apache/commons/math/distribution/AbstractRealDistribution.java","3","78","The method 'inverseCumulativeProbability(double)' has a cyclomatic complexity of 17.","Design","CyclomaticComplexity"
"1","org.apache.commons.math.distribution","data/temp/Math_39b/src/main/java/org/apache/commons/math/distribution/HypergeometricDistribution.java","3","65","The constructor 'HypergeometricDistribution(int, int, int)' has a cyclomatic complexity of 11.","Design","CyclomaticComplexity"
"1","org.apache.commons.math.distribution","data/temp/Math_39b/src/main/java/org/apache/commons/math/distribution/KolmogorovSmirnovDistribution.java","3","266","The method 'createH(double)' has a cyclomatic complexity of 15.","Design","CyclomaticComplexity"
"1","org.apache.commons.math.filter","data/temp/Math_39b/src/main/java/org/apache/commons/math/filter/KalmanFilter.java","3","119","The constructor 'KalmanFilter(ProcessModel, MeasurementModel)' has a cyclomatic complexity of 19.","Design","CyclomaticComplexity"
"1","org.apache.commons.math.fraction","data/temp/Math_39b/src/main/java/org/apache/commons/math/fraction/BigFraction.java","3","39","The class 'BigFraction' has a total cyclomatic complexity of 112 (highest 14).","Design","CyclomaticComplexity"
"2","org.apache.commons.math.fraction","data/temp/Math_39b/src/main/java/org/apache/commons/math/fraction/BigFraction.java","3","171","The constructor 'BigFraction(double)' has a cyclomatic complexity of 10.","Design","CyclomaticComplexity"
"3","org.apache.commons.math.fraction","data/temp/Math_39b/src/main/java/org/apache/commons/math/fraction/BigFraction.java","3","268","The constructor 'BigFraction(double, double, int, int)' has a cyclomatic complexity of 14.","Design","CyclomaticComplexity"
"1","org.apache.commons.math.fraction","data/temp/Math_39b/src/main/java/org/apache/commons/math/fraction/Fraction.java","3","37","The class 'Fraction' has a total cyclomatic complexity of 89 (highest 14).","Design","CyclomaticComplexity"
"2","org.apache.commons.math.fraction","data/temp/Math_39b/src/main/java/org/apache/commons/math/fraction/Fraction.java","3","175","The constructor 'Fraction(double, double, int, int)' has a cyclomatic complexity of 14.","Design","CyclomaticComplexity"
"3","org.apache.commons.math.fraction","data/temp/Math_39b/src/main/java/org/apache/commons/math/fraction/Fraction.java","3","476","The method 'addSub(Fraction, boolean)' has a cyclomatic complexity of 12.","Design","CyclomaticComplexity"
"4","org.apache.commons.math.fraction","data/temp/Math_39b/src/main/java/org/apache/commons/math/fraction/Fraction.java","3","611","The method 'getReducedFraction(int, int)' has a cyclomatic complexity of 10.","Design","CyclomaticComplexity"
"1","org.apache.commons.math.fraction","data/temp/Math_39b/src/main/java/org/apache/commons/math/fraction/ProperBigFractionFormat.java","3","135","The method 'parse(String, ParsePosition)' has a cyclomatic complexity of 11.","Design","CyclomaticComplexity"
"1","org.apache.commons.math.geometry.euclidean.threed","data/temp/Math_39b/src/main/java/org/apache/commons/math/geometry/euclidean/threed/OutlineExtractor.java","3","159","The method 'addContribution(SubHyperplane<Euclidean3D>, boolean)' has a cyclomatic complexity of 14.","Design","CyclomaticComplexity"
"1","org.apache.commons.math.geometry.euclidean.threed","data/temp/Math_39b/src/main/java/org/apache/commons/math/geometry/euclidean/threed/Rotation.java","3","95","The class 'Rotation' has a total cyclomatic complexity of 102 (highest 48).","Design","CyclomaticComplexity"
"2","org.apache.commons.math.geometry.euclidean.threed","data/temp/Math_39b/src/main/java/org/apache/commons/math/geometry/euclidean/threed/Rotation.java","3","220","The constructor 'Rotation(double[][], double)' has a cyclomatic complexity of 11.","Design","CyclomaticComplexity"
"3","org.apache.commons.math.geometry.euclidean.threed","data/temp/Math_39b/src/main/java/org/apache/commons/math/geometry/euclidean/threed/Rotation.java","3","570","The method 'getAngles(RotationOrder)' has a cyclomatic complexity of 48.","Design","CyclomaticComplexity"
"1","org.apache.commons.math.geometry.euclidean.twod","data/temp/Math_39b/src/main/java/org/apache/commons/math/geometry/euclidean/twod/PolygonsSet.java","3","204","The method 'getVertices()' has a cyclomatic complexity of 13.","Design","CyclomaticComplexity"
"2","org.apache.commons.math.geometry.euclidean.twod","data/temp/Math_39b/src/main/java/org/apache/commons/math/geometry/euclidean/twod/PolygonsSet.java","3","291","The method 'followLoop(Node, AVLTree<ComparableSegment>)' has a cyclomatic complexity of 13.","Design","CyclomaticComplexity"
"1","org.apache.commons.math.geometry.partitioning","data/temp/Math_39b/src/main/java/org/apache/commons/math/geometry/partitioning/AbstractRegion.java","3","36","The class 'AbstractRegion' has a total cyclomatic complexity of 99 (highest 27).","Design","CyclomaticComplexity"
"2","org.apache.commons.math.geometry.partitioning","data/temp/Math_39b/src/main/java/org/apache/commons/math/geometry/partitioning/AbstractRegion.java","3","436","The method 'recurseSides(BSPTree<S>, SubHyperplane<S>, Sides)' has a cyclomatic complexity of 27.","Design","CyclomaticComplexity"
"1","org.apache.commons.math.geometry.partitioning.utilities","data/temp/Math_39b/src/main/java/org/apache/commons/math/geometry/partitioning/utilities/AVLTree.java","3","369","The method 'delete()' has a cyclomatic complexity of 15.","Design","CyclomaticComplexity"
"1","org.apache.commons.math.geometry.partitioning.utilities","data/temp/Math_39b/src/main/java/org/apache/commons/math/geometry/partitioning/utilities/OrderedTuple.java","3","247","The method 'compareTo(OrderedTuple)' has a cyclomatic complexity of 15.","Design","CyclomaticComplexity"
"1","org.apache.commons.math.linear","data/temp/Math_39b/src/main/java/org/apache/commons/math/linear/AbstractFieldMatrix.java","3","44","The class 'AbstractFieldMatrix' has a total cyclomatic complexity of 228 (highest 12).","Design","CyclomaticComplexity"
"2","org.apache.commons.math.linear","data/temp/Math_39b/src/main/java/org/apache/commons/math/linear/AbstractFieldMatrix.java","3","270","The method 'power(int)' has a cyclomatic complexity of 11.","Design","CyclomaticComplexity"
"3","org.apache.commons.math.linear","data/temp/Math_39b/src/main/java/org/apache/commons/math/linear/AbstractFieldMatrix.java","3","448","The method 'setSubMatrix(T[][], int, int)' has a cyclomatic complexity of 12.","Design","CyclomaticComplexity"
"1","org.apache.commons.math.linear","data/temp/Math_39b/src/main/java/org/apache/commons/math/linear/AbstractRealMatrix.java","3","38","The class 'AbstractRealMatrix' has a total cyclomatic complexity of 180 (highest 12).","Design","CyclomaticComplexity"
"2","org.apache.commons.math.linear","data/temp/Math_39b/src/main/java/org/apache/commons/math/linear/AbstractRealMatrix.java","3","158","The method 'power(int)' has a cyclomatic complexity of 12.","Design","CyclomaticComplexity"
"3","org.apache.commons.math.linear","data/temp/Math_39b/src/main/java/org/apache/commons/math/linear/AbstractRealMatrix.java","3","391","The method 'setSubMatrix(double[][], int, int)' has a cyclomatic complexity of 10.","Design","CyclomaticComplexity"
"1","org.apache.commons.math.linear","data/temp/Math_39b/src/main/java/org/apache/commons/math/linear/Array2DRowFieldMatrix.java","3","42","The class 'Array2DRowFieldMatrix' has a total cyclomatic complexity of 90 (highest 13).","Design","CyclomaticComplexity"
"2","org.apache.commons.math.linear","data/temp/Math_39b/src/main/java/org/apache/commons/math/linear/Array2DRowFieldMatrix.java","3","317","The method 'setSubMatrix(T[][], int, int)' has a cyclomatic complexity of 13.","Design","CyclomaticComplexity"
"1","org.apache.commons.math.linear","data/temp/Math_39b/src/main/java/org/apache/commons/math/linear/Array2DRowRealMatrix.java","3","35","The class 'Array2DRowRealMatrix' has a total cyclomatic complexity of 90 (highest 13).","Design","CyclomaticComplexity"
"2","org.apache.commons.math.linear","data/temp/Math_39b/src/main/java/org/apache/commons/math/linear/Array2DRowRealMatrix.java","3","94","The constructor 'Array2DRowRealMatrix(double[][], boolean)' has a cyclomatic complexity of 11.","Design","CyclomaticComplexity"
"3","org.apache.commons.math.linear","data/temp/Math_39b/src/main/java/org/apache/commons/math/linear/Array2DRowRealMatrix.java","3","259","The method 'setSubMatrix(double[][], int, int)' has a cyclomatic complexity of 13.","Design","CyclomaticComplexity"
"1","org.apache.commons.math.linear","data/temp/Math_39b/src/main/java/org/apache/commons/math/linear/ArrayFieldVector.java","3","38","The class 'ArrayFieldVector' has a total cyclomatic complexity of 157 (highest 7).","Design","CyclomaticComplexity"
"1","org.apache.commons.math.linear","data/temp/Math_39b/src/main/java/org/apache/commons/math/linear/ArrayRealVector.java","3","37","The class 'ArrayRealVector' has a total cyclomatic complexity of 149 (highest 8).","Design","CyclomaticComplexity"
"1","org.apache.commons.math.linear","data/temp/Math_39b/src/main/java/org/apache/commons/math/linear/BiDiagonalTransformer.java","3","88","The method 'getU()' has a cyclomatic complexity of 11.","Design","CyclomaticComplexity"
"2","org.apache.commons.math.linear","data/temp/Math_39b/src/main/java/org/apache/commons/math/linear/BiDiagonalTransformer.java","3","169","The method 'getV()' has a cyclomatic complexity of 11.","Design","CyclomaticComplexity"
"3","org.apache.commons.math.linear","data/temp/Math_39b/src/main/java/org/apache/commons/math/linear/BiDiagonalTransformer.java","3","257","The method 'transformToUpperBiDiagonal()' has a cyclomatic complexity of 15.","Design","CyclomaticComplexity"
"4","org.apache.commons.math.linear","data/temp/Math_39b/src/main/java/org/apache/commons/math/linear/BiDiagonalTransformer.java","3","321","The method 'transformToLowerBiDiagonal()' has a cyclomatic complexity of 15.","Design","CyclomaticComplexity"
"1","org.apache.commons.math.linear","data/temp/Math_39b/src/main/java/org/apache/commons/math/linear/BlockFieldMatrix.java","3","70","The class 'BlockFieldMatrix' has a total cyclomatic complexity of 201 (highest 9).","Design","CyclomaticComplexity"
"1","org.apache.commons.math.linear","data/temp/Math_39b/src/main/java/org/apache/commons/math/linear/BlockRealMatrix.java","3","69","The class 'BlockRealMatrix' has a total cyclomatic complexity of 210 (highest 9).","Design","CyclomaticComplexity"
"1","org.apache.commons.math.linear","data/temp/Math_39b/src/main/java/org/apache/commons/math/linear/CholeskyDecomposition.java","3","104","The constructor 'CholeskyDecomposition(RealMatrix, double, double)' has a cyclomatic complexity of 12.","Design","CyclomaticComplexity"
"2","org.apache.commons.math.linear","data/temp/Math_39b/src/main/java/org/apache/commons/math/linear/CholeskyDecomposition.java","3","257","The method 'solve(RealMatrix)' has a cyclomatic complexity of 11.","Design","CyclomaticComplexity"
"1","org.apache.commons.math.linear","data/temp/Math_39b/src/main/java/org/apache/commons/math/linear/ConjugateGradient.java","3","166","The method 'solveInPlace(RealLinearOperator, InvertibleRealLinearOperator, RealVector, RealVector)' has a cyclomatic complexity of 13.","Design","CyclomaticComplexity"
"1","org.apache.commons.math.linear","data/temp/Math_39b/src/main/java/org/apache/commons/math/linear/EigenDecomposition.java","3","386","The method 'solve(RealMatrix)' has a cyclomatic complexity of 10.","Design","CyclomaticComplexity"
"2","org.apache.commons.math.linear","data/temp/Math_39b/src/main/java/org/apache/commons/math/linear/EigenDecomposition.java","3","485","The method 'findEigenVectors(double[][])' has a cyclomatic complexity of 35.","Design","CyclomaticComplexity"
"1","org.apache.commons.math.linear","data/temp/Math_39b/src/main/java/org/apache/commons/math/linear/FieldLUDecomposition.java","3","86","The constructor 'FieldLUDecomposition(FieldMatrix<T>)' has a cyclomatic complexity of 14.","Design","CyclomaticComplexity"
"2","org.apache.commons.math.linear","data/temp/Math_39b/src/main/java/org/apache/commons/math/linear/FieldLUDecomposition.java","3","297","The method 'solve(FieldVector<T>)' has a cyclomatic complexity of 11.","Design","CyclomaticComplexity"
"3","org.apache.commons.math.linear","data/temp/Math_39b/src/main/java/org/apache/commons/math/linear/FieldLUDecomposition.java","3","347","The method 'solve(ArrayFieldVector<T>)' has a cyclomatic complexity of 10.","Design","CyclomaticComplexity"
"4","org.apache.commons.math.linear","data/temp/Math_39b/src/main/java/org/apache/commons/math/linear/FieldLUDecomposition.java","3","387","The method 'solve(FieldMatrix<T>)' has a cyclomatic complexity of 14.","Design","CyclomaticComplexity"
"1","org.apache.commons.math.linear","data/temp/Math_39b/src/main/java/org/apache/commons/math/linear/LUDecomposition.java","3","86","The constructor 'LUDecomposition(RealMatrix, double)' has a cyclomatic complexity of 14.","Design","CyclomaticComplexity"
"2","org.apache.commons.math.linear","data/temp/Math_39b/src/main/java/org/apache/commons/math/linear/LUDecomposition.java","3","291","The method 'solve(RealVector)' has a cyclomatic complexity of 10.","Design","CyclomaticComplexity"
"3","org.apache.commons.math.linear","data/temp/Math_39b/src/main/java/org/apache/commons/math/linear/LUDecomposition.java","3","328","The method 'solve(RealMatrix)' has a cyclomatic complexity of 14.","Design","CyclomaticComplexity"
"1","org.apache.commons.math.linear","data/temp/Math_39b/src/main/java/org/apache/commons/math/linear/MatrixUtils.java","3","47","The class 'MatrixUtils' has a total cyclomatic complexity of 133 (highest 13).","Design","CyclomaticComplexity"
"2","org.apache.commons.math.linear","data/temp/Math_39b/src/main/java/org/apache/commons/math/linear/MatrixUtils.java","3","446","The method 'checkSubMatrixIndex(AnyMatrix, int[], int[])' has a cyclomatic complexity of 11.","Design","CyclomaticComplexity"
"3","org.apache.commons.math.linear","data/temp/Math_39b/src/main/java/org/apache/commons/math/linear/MatrixUtils.java","3","826","The method 'solveLowerTriangularSystem(RealMatrix, RealVector)' has a cyclomatic complexity of 13.","Design","CyclomaticComplexity"
"4","org.apache.commons.math.linear","data/temp/Math_39b/src/main/java/org/apache/commons/math/linear/MatrixUtils.java","3","866","The method 'solveUpperTriangularSystem(RealMatrix, RealVector)' has a cyclomatic complexity of 13.","Design","CyclomaticComplexity"
"1","org.apache.commons.math.linear","data/temp/Math_39b/src/main/java/org/apache/commons/math/linear/OpenMapRealVector.java","3","33","The class 'OpenMapRealVector' has a total cyclomatic complexity of 114 (highest 9).","Design","CyclomaticComplexity"
"1","org.apache.commons.math.linear","data/temp/Math_39b/src/main/java/org/apache/commons/math/linear/PivotingQRDecomposition.java","3","69","The constructor 'PivotingQRDecomposition(RealMatrix, double, boolean)' has a cyclomatic complexity of 18.","Design","CyclomaticComplexity"
"2","org.apache.commons.math.linear","data/temp/Math_39b/src/main/java/org/apache/commons/math/linear/PivotingQRDecomposition.java","3","300","The method 'solve(RealVector)' has a cyclomatic complexity of 10.","Design","CyclomaticComplexity"
"3","org.apache.commons.math.linear","data/temp/Math_39b/src/main/java/org/apache/commons/math/linear/PivotingQRDecomposition.java","3","340","The method 'solve(RealMatrix)' has a cyclomatic complexity of 16.","Design","CyclomaticComplexity"
"1","org.apache.commons.math.linear","data/temp/Math_39b/src/main/java/org/apache/commons/math/linear/QRDecomposition.java","3","310","The method 'solve(RealVector)' has a cyclomatic complexity of 10.","Design","CyclomaticComplexity"
"2","org.apache.commons.math.linear","data/temp/Math_39b/src/main/java/org/apache/commons/math/linear/QRDecomposition.java","3","353","The method 'solve(RealMatrix)' has a cyclomatic complexity of 16.","Design","CyclomaticComplexity"
"1","org.apache.commons.math.linear","data/temp/Math_39b/src/main/java/org/apache/commons/math/linear/RealVector.java","3","58","The class 'RealVector' has a total cyclomatic complexity of 97 (highest 7).","Design","CyclomaticComplexity"
"1","org.apache.commons.math.linear","data/temp/Math_39b/src/main/java/org/apache/commons/math/linear/RectangularCholeskyDecomposition.java","3","62","The constructor 'RectangularCholeskyDecomposition(RealMatrix, double)' has a cyclomatic complexity of 16.","Design","CyclomaticComplexity"
"1","org.apache.commons.math.linear","data/temp/Math_39b/src/main/java/org/apache/commons/math/linear/SingularValueDecomposition.java","3","54","The class 'SingularValueDecomposition' has a total cyclomatic complexity of 106 (highest 85).","Design","CyclomaticComplexity"
"2","org.apache.commons.math.linear","data/temp/Math_39b/src/main/java/org/apache/commons/math/linear/SingularValueDecomposition.java","3","88","The constructor 'SingularValueDecomposition(RealMatrix)' has a cyclomatic complexity of 85.","Design","CyclomaticComplexity"
"1","org.apache.commons.math.linear","data/temp/Math_39b/src/main/java/org/apache/commons/math/linear/SparseFieldVector.java","3","34","The class 'SparseFieldVector' has a total cyclomatic complexity of 93 (highest 11).","Design","CyclomaticComplexity"
"2","org.apache.commons.math.linear","data/temp/Math_39b/src/main/java/org/apache/commons/math/linear/SparseFieldVector.java","3","538","The method 'equals(Object)' has a cyclomatic complexity of 11.","Design","CyclomaticComplexity"
"1","org.apache.commons.math.linear","data/temp/Math_39b/src/main/java/org/apache/commons/math/linear/SymmLQ.java","3","403","The method 'init()' has a cyclomatic complexity of 10.","Design","CyclomaticComplexity"
"1","org.apache.commons.math.linear","data/temp/Math_39b/src/main/java/org/apache/commons/math/linear/TriDiagonalTransformer.java","3","192","The method 'transform()' has a cyclomatic complexity of 11.","Design","CyclomaticComplexity"
"1","org.apache.commons.math.ode","data/temp/Math_39b/src/main/java/org/apache/commons/math/ode/AbstractIntegrator.java","3","289","The method 'acceptStep(AbstractStepInterpolator, double[], double[], double)' has a cyclomatic complexity of 15.","Design","CyclomaticComplexity"
"1","org.apache.commons.math.ode","data/temp/Math_39b/src/main/java/org/apache/commons/math/ode/ContinuousOutputModel.java","3","127","The method 'append(ContinuousOutputModel)' has a cyclomatic complexity of 10.","Design","CyclomaticComplexity"
"2","org.apache.commons.math.ode","data/temp/Math_39b/src/main/java/org/apache/commons/math/ode/ContinuousOutputModel.java","3","238","The method 'setInterpolatedTime(double)' has a cyclomatic complexity of 12.","Design","CyclomaticComplexity"
"1","org.apache.commons.math.ode","data/temp/Math_39b/src/main/java/org/apache/commons/math/ode/JacobianMatrices.java","3","348","The method 'computeDerivatives(double, double[], double[], double[], double[])' has a cyclomatic complexity of 15.","Design","CyclomaticComplexity"
"1","org.apache.commons.math.ode.events","data/temp/Math_39b/src/main/java/org/apache/commons/math/ode/events/EventState.java","3","187","The method 'evaluateStep(StepInterpolator)' has a cyclomatic complexity of 14.","Design","CyclomaticComplexity"
"1","org.apache.commons.math.ode.nonstiff","data/temp/Math_39b/src/main/java/org/apache/commons/math/ode/nonstiff/AdamsBashforthIntegrator.java","3","191","The method 'integrate(ExpandableStatefulODE, double)' has a cyclomatic complexity of 12.","Design","CyclomaticComplexity"
"1","org.apache.commons.math.ode.nonstiff","data/temp/Math_39b/src/main/java/org/apache/commons/math/ode/nonstiff/AdamsMoultonIntegrator.java","3","208","The method 'integrate(ExpandableStatefulODE, double)' has a cyclomatic complexity of 11.","Design","CyclomaticComplexity"
"1","org.apache.commons.math.ode.nonstiff","data/temp/Math_39b/src/main/java/org/apache/commons/math/ode/nonstiff/AdaptiveStepsizeIntegrator.java","3","246","The method 'initializeStep(boolean, int, double[], double, double[], double[], double[], double[])' has a cyclomatic complexity of 13.","Design","CyclomaticComplexity"
"1","org.apache.commons.math.ode.nonstiff","data/temp/Math_39b/src/main/java/org/apache/commons/math/ode/nonstiff/DormandPrince853StepInterpolator.java","3","315","The method 'computeInterpolatedStateAndDerivatives(double, double)' has a cyclomatic complexity of 10.","Design","CyclomaticComplexity"
"1","org.apache.commons.math.ode.nonstiff","data/temp/Math_39b/src/main/java/org/apache/commons/math/ode/nonstiff/EmbeddedRungeKuttaIntegrator.java","3","191","The method 'integrate(ExpandableStatefulODE, double)' has a cyclomatic complexity of 20.","Design","CyclomaticComplexity"
"1","org.apache.commons.math.ode.nonstiff","data/temp/Math_39b/src/main/java/org/apache/commons/math/ode/nonstiff/GraggBulirschStoerIntegrator.java","3","95","The class 'GraggBulirschStoerIntegrator' has a total cyclomatic complexity of 128 (highest 72).","Design","CyclomaticComplexity"
"2","org.apache.commons.math.ode.nonstiff","data/temp/Math_39b/src/main/java/org/apache/commons/math/ode/nonstiff/GraggBulirschStoerIntegrator.java","3","454","The method 'tryStep(double, double[], double, int, double[], double[][], double[], double[], double[])' has a cyclomatic complexity of 12.","Design","CyclomaticComplexity"
"3","org.apache.commons.math.ode.nonstiff","data/temp/Math_39b/src/main/java/org/apache/commons/math/ode/nonstiff/GraggBulirschStoerIntegrator.java","3","544","The method 'integrate(ExpandableStatefulODE, double)' has a cyclomatic complexity of 72.","Design","CyclomaticComplexity"
"1","org.apache.commons.math.ode.nonstiff","data/temp/Math_39b/src/main/java/org/apache/commons/math/ode/nonstiff/RungeKuttaIntegrator.java","3","93","The method 'integrate(ExpandableStatefulODE, double)' has a cyclomatic complexity of 12.","Design","CyclomaticComplexity"
"1","org.apache.commons.math.optimization.direct","data/temp/Math_39b/src/main/java/org/apache/commons/math/optimization/direct/AbstractSimplex.java","3","131","The constructor 'AbstractSimplex(double[][])' has a cyclomatic complexity of 13.","Design","CyclomaticComplexity"
"1","org.apache.commons.math.optimization.direct","data/temp/Math_39b/src/main/java/org/apache/commons/math/optimization/direct/BOBYQAOptimizer.java","3","52","The class 'BOBYQAOptimizer' has a total cyclomatic complexity of 349 (highest 143).","Design","CyclomaticComplexity"
"2","org.apache.commons.math.optimization.direct","data/temp/Math_39b/src/main/java/org/apache/commons/math/optimization/direct/BOBYQAOptimizer.java","3","374","The method 'bobyqb(double[], double[])' has a cyclomatic complexity of 143.","Design","CyclomaticComplexity"
"3","org.apache.commons.math.optimization.direct","data/temp/Math_39b/src/main/java/org/apache/commons/math/optimization/direct/BOBYQAOptimizer.java","3","1256","The method 'altmov(int, double)' has a cyclomatic complexity of 53.","Design","CyclomaticComplexity"
"4","org.apache.commons.math.optimization.direct","data/temp/Math_39b/src/main/java/org/apache/commons/math/optimization/direct/BOBYQAOptimizer.java","3","1582","The method 'prelim(double[], double[])' has a cyclomatic complexity of 36.","Design","CyclomaticComplexity"
"5","org.apache.commons.math.optimization.direct","data/temp/Math_39b/src/main/java/org/apache/commons/math/optimization/direct/BOBYQAOptimizer.java","3","1802","The method 'trsbox(double, ArrayRealVector, ArrayRealVector, ArrayRealVector, ArrayRealVector, ArrayRealVector)' has a cyclomatic complexity of 84.","Design","CyclomaticComplexity"
"6","org.apache.commons.math.optimization.direct","data/temp/Math_39b/src/main/java/org/apache/commons/math/optimization/direct/BOBYQAOptimizer.java","3","2293","The method 'update(double, double, int)' has a cyclomatic complexity of 11.","Design","CyclomaticComplexity"
"1","org.apache.commons.math.optimization.direct","data/temp/Math_39b/src/main/java/org/apache/commons/math/optimization/direct/BaseAbstractMultivariateSimpleBoundsOptimizer.java","3","89","The method 'optimize(int, FUNC, GoalType, double[], double[], double[])' has a cyclomatic complexity of 17.","Design","CyclomaticComplexity"
"1","org.apache.commons.math.optimization.direct","data/temp/Math_39b/src/main/java/org/apache/commons/math/optimization/direct/BaseAbstractMultivariateVectorOptimizer.java","3","104","The method 'optimize(int, FUNC, double[], double[], double[])' has a cyclomatic complexity of 11.","Design","CyclomaticComplexity"
"1","org.apache.commons.math.optimization.direct","data/temp/Math_39b/src/main/java/org/apache/commons/math/optimization/direct/CMAESOptimizer.java","3","83","The class 'CMAESOptimizer' has a total cyclomatic complexity of 168 (highest 36).","Design","CyclomaticComplexity"
"2","org.apache.commons.math.optimization.direct","data/temp/Math_39b/src/main/java/org/apache/commons/math/optimization/direct/CMAESOptimizer.java","3","359","The method 'doOptimize()' has a cyclomatic complexity of 36.","Design","CyclomaticComplexity"
"3","org.apache.commons.math.optimization.direct","data/temp/Math_39b/src/main/java/org/apache/commons/math/optimization/direct/CMAESOptimizer.java","3","508","The method 'checkParameters()' has a cyclomatic complexity of 24.","Design","CyclomaticComplexity"
"1","org.apache.commons.math.optimization.direct","data/temp/Math_39b/src/main/java/org/apache/commons/math/optimization/direct/MultivariateFunctionMappingAdapter.java","3","98","The constructor 'MultivariateFunctionMappingAdapter(MultivariateFunction, double[], double[])' has a cyclomatic complexity of 10.","Design","CyclomaticComplexity"
"1","org.apache.commons.math.optimization.direct","data/temp/Math_39b/src/main/java/org/apache/commons/math/optimization/direct/NelderMeadSimplex.java","3","187","The method 'iterate(MultivariateFunction, Comparator<RealPointValuePair>)' has a cyclomatic complexity of 17.","Design","CyclomaticComplexity"
"1","org.apache.commons.math.optimization.direct","data/temp/Math_39b/src/main/java/org/apache/commons/math/optimization/direct/PowellOptimizer.java","3","117","The method 'doOptimize()' has a cyclomatic complexity of 14.","Design","CyclomaticComplexity"
"1","org.apache.commons.math.optimization.fitting","data/temp/Math_39b/src/main/java/org/apache/commons/math/optimization/fitting/GaussianFitter.java","3","256","The method 'getInterpolationPointsForY(WeightedObservedPoint[], int, int, double)' has a cyclomatic complexity of 11.","Design","CyclomaticComplexity"
"2","org.apache.commons.math.optimization.fitting","data/temp/Math_39b/src/main/java/org/apache/commons/math/optimization/fitting/GaussianFitter.java","3","304","The method 'compare(WeightedObservedPoint, WeightedObservedPoint)' has a cyclomatic complexity of 11.","Design","CyclomaticComplexity"
"1","org.apache.commons.math.optimization.general","data/temp/Math_39b/src/main/java/org/apache/commons/math/optimization/general/GaussNewtonOptimizer.java","3","98","The method 'doOptimize()' has a cyclomatic complexity of 12.","Design","CyclomaticComplexity"
"1","org.apache.commons.math.optimization.general","data/temp/Math_39b/src/main/java/org/apache/commons/math/optimization/general/LevenbergMarquardtOptimizer.java","3","107","The class 'LevenbergMarquardtOptimizer' has a total cyclomatic complexity of 116 (highest 46).","Design","CyclomaticComplexity"
"2","org.apache.commons.math.optimization.general","data/temp/Math_39b/src/main/java/org/apache/commons/math/optimization/general/LevenbergMarquardtOptimizer.java","3","272","The method 'doOptimize()' has a cyclomatic complexity of 46.","Design","CyclomaticComplexity"
"3","org.apache.commons.math.optimization.general","data/temp/Math_39b/src/main/java/org/apache/commons/math/optimization/general/LevenbergMarquardtOptimizer.java","3","530","The method 'determineLMParameter(double[], double, double[], double[], double[], double[])' has a cyclomatic complexity of 29.","Design","CyclomaticComplexity"
"4","org.apache.commons.math.optimization.general","data/temp/Math_39b/src/main/java/org/apache/commons/math/optimization/general/LevenbergMarquardtOptimizer.java","3","699","The method 'determineLMDirection(double[], double[], double[], double[])' has a cyclomatic complexity of 17.","Design","CyclomaticComplexity"
"5","org.apache.commons.math.optimization.general","data/temp/Math_39b/src/main/java/org/apache/commons/math/optimization/general/LevenbergMarquardtOptimizer.java","3","822","The method 'qrDecomposition()' has a cyclomatic complexity of 15.","Design","CyclomaticComplexity"
"1","org.apache.commons.math.optimization.general","data/temp/Math_39b/src/main/java/org/apache/commons/math/optimization/general/NonLinearConjugateGradientOptimizer.java","3","146","The method 'doOptimize()' has a cyclomatic complexity of 16.","Design","CyclomaticComplexity"
"1","org.apache.commons.math.optimization.linear","data/temp/Math_39b/src/main/java/org/apache/commons/math/optimization/linear/SimplexSolver.java","3","88","The method 'getPivotRow(SimplexTableau, int)' has a cyclomatic complexity of 11.","Design","CyclomaticComplexity"
"1","org.apache.commons.math.optimization.linear","data/temp/Math_39b/src/main/java/org/apache/commons/math/optimization/linear/SimplexTableau.java","3","63","The class 'SimplexTableau' has a total cyclomatic complexity of 84 (highest 13).","Design","CyclomaticComplexity"
"2","org.apache.commons.math.optimization.linear","data/temp/Math_39b/src/main/java/org/apache/commons/math/optimization/linear/SimplexTableau.java","3","178","The method 'createTableau(boolean)' has a cyclomatic complexity of 13.","Design","CyclomaticComplexity"
"3","org.apache.commons.math.optimization.linear","data/temp/Math_39b/src/main/java/org/apache/commons/math/optimization/linear/SimplexTableau.java","3","327","The method 'dropPhase1Objective()' has a cyclomatic complexity of 10.","Design","CyclomaticComplexity"
"4","org.apache.commons.math.optimization.linear","data/temp/Math_39b/src/main/java/org/apache/commons/math/optimization/linear/SimplexTableau.java","3","396","The method 'getSolution()' has a cyclomatic complexity of 11.","Design","CyclomaticComplexity"
"1","org.apache.commons.math.optimization.univariate","data/temp/Math_39b/src/main/java/org/apache/commons/math/optimization/univariate/BracketFinder.java","3","112","The method 'search(UnivariateFunction, GoalType, double, double)' has a cyclomatic complexity of 26.","Design","CyclomaticComplexity"
"1","org.apache.commons.math.optimization.univariate","data/temp/Math_39b/src/main/java/org/apache/commons/math/optimization/univariate/BrentOptimizer.java","3","108","The method 'doOptimize()' has a cyclomatic complexity of 30.","Design","CyclomaticComplexity"
"1","org.apache.commons.math.random","data/temp/Math_39b/src/main/java/org/apache/commons/math/random/MersenneTwister.java","3","165","The method 'setSeed(int[])' has a cyclomatic complexity of 11.","Design","CyclomaticComplexity"
"1","org.apache.commons.math.random","data/temp/Math_39b/src/main/java/org/apache/commons/math/random/RandomDataImpl.java","3","104","The class 'RandomDataImpl' has a total cyclomatic complexity of 114 (highest 19).","Design","CyclomaticComplexity"
"2","org.apache.commons.math.random","data/temp/Math_39b/src/main/java/org/apache/commons/math/random/RandomDataImpl.java","3","405","The method 'nextPoisson(double)' has a cyclomatic complexity of 19.","Design","CyclomaticComplexity"
"3","org.apache.commons.math.random","data/temp/Math_39b/src/main/java/org/apache/commons/math/random/RandomDataImpl.java","3","696","The method 'nextGamma(double, double)' has a cyclomatic complexity of 10.","Design","CyclomaticComplexity"
"1","org.apache.commons.math.random","data/temp/Math_39b/src/main/java/org/apache/commons/math/random/StableRandomGenerator.java","3","55","The constructor 'StableRandomGenerator(RandomGenerator, double, double)' has a cyclomatic complexity of 11.","Design","CyclomaticComplexity"
"1","org.apache.commons.math.special","data/temp/Math_39b/src/main/java/org/apache/commons/math/special/Gamma.java","3","147","The method 'regularizedGammaP(double, double, double, int)' has a cyclomatic complexity of 13.","Design","CyclomaticComplexity"
"1","org.apache.commons.math.stat","data/temp/Math_39b/src/main/java/org/apache/commons/math/stat/Frequency.java","3","314","The method 'getCumFreq(Comparable<?>)' has a cyclomatic complexity of 10.","Design","CyclomaticComplexity"
"1","org.apache.commons.math.stat.clustering","data/temp/Math_39b/src/main/java/org/apache/commons/math/stat/clustering/KMeansPlusPlusClusterer.java","3","153","The method 'cluster(Collection<T>, int, int)' has a cyclomatic complexity of 13.","Design","CyclomaticComplexity"
"2","org.apache.commons.math.stat.clustering","data/temp/Math_39b/src/main/java/org/apache/commons/math/stat/clustering/KMeansPlusPlusClusterer.java","3","250","The method 'chooseInitialCenters(Collection<T>, int, Random)' has a cyclomatic complexity of 17.","Design","CyclomaticComplexity"
"1","org.apache.commons.math.stat.descriptive","data/temp/Math_39b/src/main/java/org/apache/commons/math/stat/descriptive/AbstractUnivariateStatistic.java","3","161","The method 'test(double[], int, int, boolean)' has a cyclomatic complexity of 11.","Design","CyclomaticComplexity"
"2","org.apache.commons.math.stat.descriptive","data/temp/Math_39b/src/main/java/org/apache/commons/math/stat/descriptive/AbstractUnivariateStatistic.java","3","256","The method 'test(double[], double[], int, int, boolean)' has a cyclomatic complexity of 16.","Design","CyclomaticComplexity"
"1","org.apache.commons.math.stat.descriptive","data/temp/Math_39b/src/main/java/org/apache/commons/math/stat/descriptive/AggregateSummaryStatistics.java","3","301","The method 'aggregate(Collection<SummaryStatistics>)' has a cyclomatic complexity of 10.","Design","CyclomaticComplexity"
"1","org.apache.commons.math.stat.descriptive","data/temp/Math_39b/src/main/java/org/apache/commons/math/stat/descriptive/SummaryStatistics.java","3","668","The method 'copy(SummaryStatistics, SummaryStatistics)' has a cyclomatic complexity of 12.","Design","CyclomaticComplexity"
"1","org.apache.commons.math.stat.inference","data/temp/Math_39b/src/main/java/org/apache/commons/math/stat/inference/ChiSquareTestImpl.java","3","207","The method 'chiSquareDataSetsComparison(long[], long[])' has a cyclomatic complexity of 16.","Design","CyclomaticComplexity"
"1","org.apache.commons.math.stat.ranking","data/temp/Math_39b/src/main/java/org/apache/commons/math/stat/ranking/NaturalRanking.java","3","190","The method 'rank(double[])' has a cyclomatic complexity of 12.","Design","CyclomaticComplexity"
"1","org.apache.commons.math.stat.regression","data/temp/Math_39b/src/main/java/org/apache/commons/math/stat/regression/AbstractMultipleLinearRegression.java","3","92","The method 'newSampleData(double[], int, int)' has a cyclomatic complexity of 12.","Design","CyclomaticComplexity"
"2","org.apache.commons.math.stat.regression","data/temp/Math_39b/src/main/java/org/apache/commons/math/stat/regression/AbstractMultipleLinearRegression.java","3","204","The method 'validateSampleData(double[][], double[])' has a cyclomatic complexity of 11.","Design","CyclomaticComplexity"
"1","org.apache.commons.math.stat.regression","data/temp/Math_39b/src/main/java/org/apache/commons/math/stat/regression/MillerUpdatingRegression.java","3","43","The class 'MillerUpdatingRegression' has a total cyclomatic complexity of 173 (highest 24).","Design","CyclomaticComplexity"
"2","org.apache.commons.math.stat.regression","data/temp/Math_39b/src/main/java/org/apache/commons/math/stat/regression/MillerUpdatingRegression.java","3","209","The method 'addObservations(double[][], double[])' has a cyclomatic complexity of 12.","Design","CyclomaticComplexity"
"3","org.apache.commons.math.stat.regression","data/temp/Math_39b/src/main/java/org/apache/commons/math/stat/regression/MillerUpdatingRegression.java","3","388","The method 'regcf(int)' has a cyclomatic complexity of 12.","Design","CyclomaticComplexity"
"4","org.apache.commons.math.stat.regression","data/temp/Math_39b/src/main/java/org/apache/commons/math/stat/regression/MillerUpdatingRegression.java","3","514","The method 'cov(int)' has a cyclomatic complexity of 11.","Design","CyclomaticComplexity"
"5","org.apache.commons.math.stat.regression","data/temp/Math_39b/src/main/java/org/apache/commons/math/stat/regression/MillerUpdatingRegression.java","3","633","The method 'getPartialCorrelations(int)' has a cyclomatic complexity of 13.","Design","CyclomaticComplexity"
"6","org.apache.commons.math.stat.regression","data/temp/Math_39b/src/main/java/org/apache/commons/math/stat/regression/MillerUpdatingRegression.java","3","712","The method 'vmove(int, int)' has a cyclomatic complexity of 17.","Design","CyclomaticComplexity"
"7","org.apache.commons.math.stat.regression","data/temp/Math_39b/src/main/java/org/apache/commons/math/stat/regression/MillerUpdatingRegression.java","3","946","The method 'regress(int)' has a cyclomatic complexity of 16.","Design","CyclomaticComplexity"
"8","org.apache.commons.math.stat.regression","data/temp/Math_39b/src/main/java/org/apache/commons/math/stat/regression/MillerUpdatingRegression.java","3","1032","The method 'regress(int[])' has a cyclomatic complexity of 24.","Design","CyclomaticComplexity"
"1","org.apache.commons.math.stat.regression","data/temp/Math_39b/src/main/java/org/apache/commons/math/stat/regression/SimpleRegression.java","3","65","The class 'SimpleRegression' has a total cyclomatic complexity of 103 (highest 26).","Design","CyclomaticComplexity"
"2","org.apache.commons.math.stat.regression","data/temp/Math_39b/src/main/java/org/apache/commons/math/stat/regression/SimpleRegression.java","3","257","The method 'addObservations(double[][], double[])' has a cyclomatic complexity of 13.","Design","CyclomaticComplexity"
"3","org.apache.commons.math.stat.regression","data/temp/Math_39b/src/main/java/org/apache/commons/math/stat/regression/SimpleRegression.java","3","775","The method 'regress(int[])' has a cyclomatic complexity of 26.","Design","CyclomaticComplexity"
"1","org.apache.commons.math.transform","data/temp/Math_39b/src/main/java/org/apache/commons/math/transform/FastFourierTransformer.java","3","294","The method 'fft(Complex[])' has a cyclomatic complexity of 12.","Design","CyclomaticComplexity"
"1","org.apache.commons.math.util","data/temp/Math_39b/src/main/java/org/apache/commons/math/util/ArithmeticUtils.java","3","33","The class 'ArithmeticUtils' has a total cyclomatic complexity of 163 (highest 17).","Design","CyclomaticComplexity"
"2","org.apache.commons.math.util","data/temp/Math_39b/src/main/java/org/apache/commons/math/util/ArithmeticUtils.java","3","107","The method 'binomialCoefficient(int, int)' has a cyclomatic complexity of 11.","Design","CyclomaticComplexity"
"3","org.apache.commons.math.util","data/temp/Math_39b/src/main/java/org/apache/commons/math/util/ArithmeticUtils.java","3","225","The method 'binomialCoefficientLog(int, int)' has a cyclomatic complexity of 10.","Design","CyclomaticComplexity"
"4","org.apache.commons.math.util","data/temp/Math_39b/src/main/java/org/apache/commons/math/util/ArithmeticUtils.java","3","382","The method 'gcd(int, int)' has a cyclomatic complexity of 17.","Design","CyclomaticComplexity"
"5","org.apache.commons.math.util","data/temp/Math_39b/src/main/java/org/apache/commons/math/util/ArithmeticUtils.java","3","469","The method 'gcd(long, long)' has a cyclomatic complexity of 17.","Design","CyclomaticComplexity"
"6","org.apache.commons.math.util","data/temp/Math_39b/src/main/java/org/apache/commons/math/util/ArithmeticUtils.java","3","623","The method 'mulAndCheck(long, long)' has a cyclomatic complexity of 12.","Design","CyclomaticComplexity"
"1","org.apache.commons.math.util","data/temp/Math_39b/src/main/java/org/apache/commons/math/util/ContinuedFraction.java","3","124","The method 'evaluate(double, double, int)' has a cyclomatic complexity of 18.","Design","CyclomaticComplexity"
"1","org.apache.commons.math.util","data/temp/Math_39b/src/main/java/org/apache/commons/math/util/FastMath.java","3","80","The class 'FastMath' has a total cyclomatic complexity of 443 (highest 39).","Design","CyclomaticComplexity"
"2","org.apache.commons.math.util","data/temp/Math_39b/src/main/java/org/apache/commons/math/util/FastMath.java","3","817","The method 'exp(double, double, double[])' has a cyclomatic complexity of 12.","Design","CyclomaticComplexity"
"3","org.apache.commons.math.util","data/temp/Math_39b/src/main/java/org/apache/commons/math/util/FastMath.java","3","1105","The method 'log(double, double[])' has a cyclomatic complexity of 21.","Design","CyclomaticComplexity"
"4","org.apache.commons.math.util","data/temp/Math_39b/src/main/java/org/apache/commons/math/util/FastMath.java","3","1419","The method 'pow(double, double)' has a cyclomatic complexity of 38.","Design","CyclomaticComplexity"
"5","org.apache.commons.math.util","data/temp/Math_39b/src/main/java/org/apache/commons/math/util/FastMath.java","3","1917","The method 'reducePayneHanek(double, double[])' has a cyclomatic complexity of 39.","Design","CyclomaticComplexity"
"6","org.apache.commons.math.util","data/temp/Math_39b/src/main/java/org/apache/commons/math/util/FastMath.java","3","2134","The method 'sin(double)' has a cyclomatic complexity of 15.","Design","CyclomaticComplexity"
"7","org.apache.commons.math.util","data/temp/Math_39b/src/main/java/org/apache/commons/math/util/FastMath.java","3","2232","The method 'cos(double)' has a cyclomatic complexity of 12.","Design","CyclomaticComplexity"
"8","org.apache.commons.math.util","data/temp/Math_39b/src/main/java/org/apache/commons/math/util/FastMath.java","3","2317","The method 'tan(double)' has a cyclomatic complexity of 13.","Design","CyclomaticComplexity"
"9","org.apache.commons.math.util","data/temp/Math_39b/src/main/java/org/apache/commons/math/util/FastMath.java","3","2435","The method 'atan(double, double, boolean)' has a cyclomatic complexity of 10.","Design","CyclomaticComplexity"
"10","org.apache.commons.math.util","data/temp/Math_39b/src/main/java/org/apache/commons/math/util/FastMath.java","3","2585","The method 'atan2(double, double)' has a cyclomatic complexity of 33.","Design","CyclomaticComplexity"
"11","org.apache.commons.math.util","data/temp/Math_39b/src/main/java/org/apache/commons/math/util/FastMath.java","3","3056","The method 'scalb(double, int)' has a cyclomatic complexity of 21.","Design","CyclomaticComplexity"
"12","org.apache.commons.math.util","data/temp/Math_39b/src/main/java/org/apache/commons/math/util/FastMath.java","3","3140","The method 'scalb(float, int)' has a cyclomatic complexity of 21.","Design","CyclomaticComplexity"
"1","org.apache.commons.math.util","data/temp/Math_39b/src/main/java/org/apache/commons/math/util/FastMathResources.java","3","65","The method 'createAll()' has a cyclomatic complexity of 10.","Design","CyclomaticComplexity"
"1","org.apache.commons.math.util","data/temp/Math_39b/src/main/java/org/apache/commons/math/util/MathArrays.java","3","39","The class 'MathArrays' has a total cyclomatic complexity of 118 (highest 14).","Design","CyclomaticComplexity"
"2","org.apache.commons.math.util","data/temp/Math_39b/src/main/java/org/apache/commons/math/util/MathArrays.java","3","158","The method 'isMonotonic(Comparable[], OrderDirection, boolean)' has a cyclomatic complexity of 11.","Design","CyclomaticComplexity"
"3","org.apache.commons.math.util","data/temp/Math_39b/src/main/java/org/apache/commons/math/util/MathArrays.java","3","225","The method 'checkOrder(double[], OrderDirection, boolean, boolean)' has a cyclomatic complexity of 14.","Design","CyclomaticComplexity"
"4","org.apache.commons.math.util","data/temp/Math_39b/src/main/java/org/apache/commons/math/util/MathArrays.java","3","362","The method 'safeNorm(double[])' has a cyclomatic complexity of 11.","Design","CyclomaticComplexity"
"5","org.apache.commons.math.util","data/temp/Math_39b/src/main/java/org/apache/commons/math/util/MathArrays.java","3","455","The method 'sortInPlace(double[], OrderDirection, double[][])' has a cyclomatic complexity of 11.","Design","CyclomaticComplexity"
"6","org.apache.commons.math.util","data/temp/Math_39b/src/main/java/org/apache/commons/math/util/MathArrays.java","3","1054","The method 'normalizeArray(double[], double)' has a cyclomatic complexity of 13.","Design","CyclomaticComplexity"
"1","org.apache.commons.math.util","data/temp/Math_39b/src/main/java/org/apache/commons/math/util/OpenIntToDoubleHashMap.java","3","267","The method 'findInsertionIndex(int[], byte[], int, int)' has a cyclomatic complexity of 14.","Design","CyclomaticComplexity"
"1","org.apache.commons.math.util","data/temp/Math_39b/src/main/java/org/apache/commons/math/util/OpenIntToFieldHashMap.java","3","282","The method 'findInsertionIndex(int[], byte[], int, int)' has a cyclomatic complexity of 14.","Design","CyclomaticComplexity"
"1","org.apache.commons.math.util","data/temp/Math_39b/src/main/java/org/apache/commons/math/util/Precision.java","3","396","The method 'roundUnscaled(double, double, int)' has a cyclomatic complexity of 19.","Design","CyclomaticComplexity"
"1","org.apache.commons.math.analysis.interpolation","data/temp/Math_39b/src/test/java/org/apache/commons/math/analysis/interpolation/BicubicSplineInterpolatingFunctionTest.java","3","35","The method 'testPreconditions()' has a cyclomatic complexity of 11.","Design","CyclomaticComplexity"
"2","org.apache.commons.math.analysis.interpolation","data/temp/Math_39b/src/test/java/org/apache/commons/math/analysis/interpolation/BicubicSplineInterpolatingFunctionTest.java","3","351","The method 'testMatchingPartialDerivatives()' has a cyclomatic complexity of 12.","Design","CyclomaticComplexity"
"1","org.apache.commons.math.analysis.interpolation","data/temp/Math_39b/src/test/java/org/apache/commons/math/analysis/interpolation/TricubicSplineInterpolatingFunctionTest.java","3","36","The method 'testPreconditions()' has a cyclomatic complexity of 28.","Design","CyclomaticComplexity"
"2","org.apache.commons.math.analysis.interpolation","data/temp/Math_39b/src/test/java/org/apache/commons/math/analysis/interpolation/TricubicSplineInterpolatingFunctionTest.java","3","278","The method 'testPlane()' has a cyclomatic complexity of 16.","Design","CyclomaticComplexity"
"3","org.apache.commons.math.analysis.interpolation","data/temp/Math_39b/src/test/java/org/apache/commons/math/analysis/interpolation/TricubicSplineInterpolatingFunctionTest.java","3","383","The method 'testWave()' has a cyclomatic complexity of 25.","Design","CyclomaticComplexity"
"1","org.apache.commons.math.complex","data/temp/Math_39b/src/test/java/org/apache/commons/math/complex/ComplexTest.java","3","32","The class 'ComplexTest' has a total cyclomatic complexity of 125 (highest 3).","Design","CyclomaticComplexity"
"1","org.apache.commons.math.dfp","data/temp/Math_39b/src/test/java/org/apache/commons/math/dfp/DfpTest.java","3","388","The method 'testCompare()' has a cyclomatic complexity of 16.","Design","CyclomaticComplexity"
"1","org.apache.commons.math.geometry.euclidean.twod","data/temp/Math_39b/src/test/java/org/apache/commons/math/geometry/euclidean/twod/PolygonsSetTest.java","3","867","The method 'checkVertices(Vector2D[][], Vector2D[][])' has a cyclomatic complexity of 10.","Design","CyclomaticComplexity"
"1","org.apache.commons.math.linear","data/temp/Math_39b/src/test/java/org/apache/commons/math/linear/Array2DRowRealMatrixTest.java","3","38","The class 'Array2DRowRealMatrixTest' has a total cyclomatic complexity of 168 (highest 15).","Design","CyclomaticComplexity"
"2","org.apache.commons.math.linear","data/temp/Math_39b/src/test/java/org/apache/commons/math/linear/Array2DRowRealMatrixTest.java","3","473","The method 'checkGetSubMatrix(RealMatrix, double[][], int, int, int, int, boolean)' has a cyclomatic complexity of 11.","Design","CyclomaticComplexity"
"3","org.apache.commons.math.linear","data/temp/Math_39b/src/test/java/org/apache/commons/math/linear/Array2DRowRealMatrixTest.java","3","497","The method 'checkGetSubMatrix(RealMatrix, double[][], int[], int[], boolean)' has a cyclomatic complexity of 11.","Design","CyclomaticComplexity"
"4","org.apache.commons.math.linear","data/temp/Math_39b/src/test/java/org/apache/commons/math/linear/Array2DRowRealMatrixTest.java","3","542","The method 'checkCopy(RealMatrix, double[][], int, int, int, int, boolean)' has a cyclomatic complexity of 12.","Design","CyclomaticComplexity"
"5","org.apache.commons.math.linear","data/temp/Math_39b/src/test/java/org/apache/commons/math/linear/Array2DRowRealMatrixTest.java","3","569","The method 'checkCopy(RealMatrix, double[][], int[], int[], boolean)' has a cyclomatic complexity of 12.","Design","CyclomaticComplexity"
"6","org.apache.commons.math.linear","data/temp/Math_39b/src/test/java/org/apache/commons/math/linear/Array2DRowRealMatrixTest.java","3","1088","The method 'splitLU(RealMatrix, double[][], double[][])' has a cyclomatic complexity of 15.","Design","CyclomaticComplexity"
"1","org.apache.commons.math.linear","data/temp/Math_39b/src/test/java/org/apache/commons/math/linear/ArrayRealVectorTest.java","3","81","The class 'RealVectorTestImpl' has a total cyclomatic complexity of 111 (highest 2).","Design","CyclomaticComplexity"
"1","org.apache.commons.math.linear","data/temp/Math_39b/src/test/java/org/apache/commons/math/linear/BlockFieldMatrixTest.java","3","41","The class 'BlockFieldMatrixTest' has a total cyclomatic complexity of 206 (highest 23).","Design","CyclomaticComplexity"
"2","org.apache.commons.math.linear","data/temp/Math_39b/src/test/java/org/apache/commons/math/linear/BlockFieldMatrixTest.java","3","247","The method 'testSeveralBlocks()' has a cyclomatic complexity of 23.","Design","CyclomaticComplexity"
"3","org.apache.commons.math.linear","data/temp/Math_39b/src/test/java/org/apache/commons/math/linear/BlockFieldMatrixTest.java","3","589","The method 'checkGetSubMatrix(FieldMatrix<Fraction>, Fraction[][], int, int, int, int)' has a cyclomatic complexity of 14.","Design","CyclomaticComplexity"
"4","org.apache.commons.math.linear","data/temp/Math_39b/src/test/java/org/apache/commons/math/linear/BlockFieldMatrixTest.java","3","618","The method 'checkGetSubMatrix(FieldMatrix<Fraction>, Fraction[][], int[], int[])' has a cyclomatic complexity of 14.","Design","CyclomaticComplexity"
"5","org.apache.commons.math.linear","data/temp/Math_39b/src/test/java/org/apache/commons/math/linear/BlockFieldMatrixTest.java","3","688","The method 'checkCopy(FieldMatrix<Fraction>, Fraction[][], int, int, int, int)' has a cyclomatic complexity of 12.","Design","CyclomaticComplexity"
"6","org.apache.commons.math.linear","data/temp/Math_39b/src/test/java/org/apache/commons/math/linear/BlockFieldMatrixTest.java","3","715","The method 'checkCopy(FieldMatrix<Fraction>, Fraction[][], int[], int[])' has a cyclomatic complexity of 12.","Design","CyclomaticComplexity"
"1","org.apache.commons.math.linear","data/temp/Math_39b/src/test/java/org/apache/commons/math/linear/BlockRealMatrixTest.java","3","39","The class 'BlockRealMatrixTest' has a total cyclomatic complexity of 205 (highest 23).","Design","CyclomaticComplexity"
"2","org.apache.commons.math.linear","data/temp/Math_39b/src/test/java/org/apache/commons/math/linear/BlockRealMatrixTest.java","3","208","The method 'testSeveralBlocks()' has a cyclomatic complexity of 23.","Design","CyclomaticComplexity"
"3","org.apache.commons.math.linear","data/temp/Math_39b/src/test/java/org/apache/commons/math/linear/BlockRealMatrixTest.java","3","518","The method 'checkGetSubMatrix(RealMatrix, double[][], int, int, int, int)' has a cyclomatic complexity of 11.","Design","CyclomaticComplexity"
"4","org.apache.commons.math.linear","data/temp/Math_39b/src/test/java/org/apache/commons/math/linear/BlockRealMatrixTest.java","3","542","The method 'checkGetSubMatrix(RealMatrix, double[][], int[], int[])' has a cyclomatic complexity of 11.","Design","CyclomaticComplexity"
"5","org.apache.commons.math.linear","data/temp/Math_39b/src/test/java/org/apache/commons/math/linear/BlockRealMatrixTest.java","3","607","The method 'checkCopy(RealMatrix, double[][], int, int, int, int)' has a cyclomatic complexity of 12.","Design","CyclomaticComplexity"
"6","org.apache.commons.math.linear","data/temp/Math_39b/src/test/java/org/apache/commons/math/linear/BlockRealMatrixTest.java","3","634","The method 'checkCopy(RealMatrix, double[][], int[], int[])' has a cyclomatic complexity of 12.","Design","CyclomaticComplexity"
"1","org.apache.commons.math.linear","data/temp/Math_39b/src/test/java/org/apache/commons/math/linear/FieldLUDecompositionTest.java","3","157","The method 'testPPermutation()' has a cyclomatic complexity of 10.","Design","CyclomaticComplexity"
"1","org.apache.commons.math.linear","data/temp/Math_39b/src/test/java/org/apache/commons/math/linear/FieldMatrixImplTest.java","3","40","The class 'FieldMatrixImplTest' has a total cyclomatic complexity of 172 (highest 15).","Design","CyclomaticComplexity"
"2","org.apache.commons.math.linear","data/temp/Math_39b/src/test/java/org/apache/commons/math/linear/FieldMatrixImplTest.java","3","449","The method 'checkGetSubMatrix(FieldMatrix<Fraction>, Fraction[][], int, int, int, int)' has a cyclomatic complexity of 14.","Design","CyclomaticComplexity"
"3","org.apache.commons.math.linear","data/temp/Math_39b/src/test/java/org/apache/commons/math/linear/FieldMatrixImplTest.java","3","478","The method 'checkGetSubMatrix(FieldMatrix<Fraction>, Fraction[][], int[], int[])' has a cyclomatic complexity of 14.","Design","CyclomaticComplexity"
"4","org.apache.commons.math.linear","data/temp/Math_39b/src/test/java/org/apache/commons/math/linear/FieldMatrixImplTest.java","3","528","The method 'checkCopy(FieldMatrix<Fraction>, Fraction[][], int, int, int, int)' has a cyclomatic complexity of 12.","Design","CyclomaticComplexity"
"5","org.apache.commons.math.linear","data/temp/Math_39b/src/test/java/org/apache/commons/math/linear/FieldMatrixImplTest.java","3","555","The method 'checkCopy(FieldMatrix<Fraction>, Fraction[][], int[], int[])' has a cyclomatic complexity of 12.","Design","CyclomaticComplexity"
"6","org.apache.commons.math.linear","data/temp/Math_39b/src/test/java/org/apache/commons/math/linear/FieldMatrixImplTest.java","3","1092","The method 'splitLU(FieldMatrix<Fraction>, Fraction[][], Fraction[][])' has a cyclomatic complexity of 15.","Design","CyclomaticComplexity"
"1","org.apache.commons.math.linear","data/temp/Math_39b/src/test/java/org/apache/commons/math/linear/UnmodifiableRealVectorAbstractTest.java","3","192","The method 'equals(Object, Object)' has a cyclomatic complexity of 16.","Design","CyclomaticComplexity"
"1","org.apache.commons.math.optimization.direct","data/temp/Math_39b/src/test/java/org/apache/commons/math/optimization/direct/BOBYQAOptimizerTest.java","3","538","The method 'GenBasis(int)' has a cyclomatic complexity of 12.","Design","CyclomaticComplexity"
"1","org.apache.commons.math.optimization.direct","data/temp/Math_39b/src/test/java/org/apache/commons/math/optimization/direct/CMAESOptimizerTest.java","3","650","The method 'GenBasis(int)' has a cyclomatic complexity of 12.","Design","CyclomaticComplexity"
"1","org.apache.commons.math.random","data/temp/Math_39b/src/test/java/org/apache/commons/math/random/RandomDataTest.java","3","63","The class 'RandomDataTest' has a total cyclomatic complexity of 148 (highest 15).","Design","CyclomaticComplexity"
"2","org.apache.commons.math.random","data/temp/Math_39b/src/test/java/org/apache/commons/math/random/RandomDataTest.java","3","274","The method 'checkNextPoissonConsistency(double)' has a cyclomatic complexity of 15.","Design","CyclomaticComplexity"
"3","org.apache.commons.math.random","data/temp/Math_39b/src/test/java/org/apache/commons/math/random/RandomDataTest.java","3","398","The method 'testNextHex()' has a cyclomatic complexity of 11.","Design","CyclomaticComplexity"
"4","org.apache.commons.math.random","data/temp/Math_39b/src/test/java/org/apache/commons/math/random/RandomDataTest.java","3","454","The method 'testNextSecureHex()' has a cyclomatic complexity of 11.","Design","CyclomaticComplexity"
"1","org.apache.commons.math.random","data/temp/Math_39b/src/test/java/org/apache/commons/math/random/RandomGeneratorAbstractTest.java","3","94","The method 'testNextIntDirect()' has a cyclomatic complexity of 15.","Design","CyclomaticComplexity"
"2","org.apache.commons.math.random","data/temp/Math_39b/src/test/java/org/apache/commons/math/random/RandomGeneratorAbstractTest.java","3","353","The method 'checkSameSequence(RandomGenerator, RandomGenerator)' has a cyclomatic complexity of 17.","Design","CyclomaticComplexity"
"1","org.apache.commons.math.stat.inference","data/temp/Math_39b/src/test/java/org/apache/commons/math/stat/inference/TTestTest.java","3","47","The method 'testOneSampleT()' has a cyclomatic complexity of 10.","Design","CyclomaticComplexity"
"2","org.apache.commons.math.stat.inference","data/temp/Math_39b/src/test/java/org/apache/commons/math/stat/inference/TTestTest.java","3","161","The method 'testTwoSampleTHeterscedastic()' has a cyclomatic complexity of 11.","Design","CyclomaticComplexity"
"1","org.apache.commons.math.stat.inference","data/temp/Math_39b/src/test/java/org/apache/commons/math/stat/inference/TestUtilsTest.java","3","195","The method 'testOneSampleT()' has a cyclomatic complexity of 10.","Design","CyclomaticComplexity"
"2","org.apache.commons.math.stat.inference","data/temp/Math_39b/src/test/java/org/apache/commons/math/stat/inference/TestUtilsTest.java","3","309","The method 'testTwoSampleTHeterscedastic()' has a cyclomatic complexity of 11.","Design","CyclomaticComplexity"
"1","org.apache.commons.math.stat.inference","data/temp/Math_39b/src/test/java/org/apache/commons/math/stat/inference/WilcoxonSignedRankTestTest.java","3","64","The method 'testWilcoxonSignedRankInputValidation()' has a cyclomatic complexity of 15.","Design","CyclomaticComplexity"
"1","org.apache.commons.math.stat.regression","data/temp/Math_39b/src/test/java/org/apache/commons/math/stat/regression/MillerUpdatingRegressionTest.java","3","29","The class 'MillerUpdatingRegressionTest' has a total cyclomatic complexity of 92 (highest 20).","Design","CyclomaticComplexity"
"2","org.apache.commons.math.stat.regression","data/temp/Math_39b/src/test/java/org/apache/commons/math/stat/regression/MillerUpdatingRegressionTest.java","3","90","The method 'testNegativeTestAddObs()' has a cyclomatic complexity of 11.","Design","CyclomaticComplexity"
"3","org.apache.commons.math.stat.regression","data/temp/Math_39b/src/test/java/org/apache/commons/math/stat/regression/MillerUpdatingRegressionTest.java","3","816","The method 'testThreeRedundantColumn()' has a cyclomatic complexity of 20.","Design","CyclomaticComplexity"
"4","org.apache.commons.math.stat.regression","data/temp/Math_39b/src/test/java/org/apache/commons/math/stat/regression/MillerUpdatingRegressionTest.java","3","931","The method 'testPCorr()' has a cyclomatic complexity of 13.","Design","CyclomaticComplexity"
"1","org.apache.commons.math.util","data/temp/Math_39b/src/test/java/org/apache/commons/math/util/ArithmeticUtilsTest.java","3","36","The class 'ArithmeticUtilsTest' has a total cyclomatic complexity of 92 (highest 12).","Design","CyclomaticComplexity"
"2","org.apache.commons.math.util","data/temp/Math_39b/src/test/java/org/apache/commons/math/util/ArithmeticUtilsTest.java","3","684","The method 'binomialCoefficient(int, int)' has a cyclomatic complexity of 12.","Design","CyclomaticComplexity"
"1","org.apache.commons.math.util","data/temp/Math_39b/src/test/java/org/apache/commons/math/util/FastMathStrictComparisonTest.java","3","98","The method 'reportFailedResults(Method, Object[], Object, Object, int[])' has a cyclomatic complexity of 16.","Design","CyclomaticComplexity"
"2","org.apache.commons.math.util","data/temp/Math_39b/src/test/java/org/apache/commons/math/util/FastMathStrictComparisonTest.java","3","198","The method 'data()' has a cyclomatic complexity of 13.","Design","CyclomaticComplexity"
"1","org.apache.commons.math.util","data/temp/Math_39b/src/test/java/org/apache/commons/math/util/FastMathTest.java","3","34","The class 'FastMathTest' has a total cyclomatic complexity of 103 (highest 5).","Design","CyclomaticComplexity"
"1","org.apache.commons.math.util","data/temp/Math_39b/src/test/java/org/apache/commons/math/util/FastMathTestPerformance.java","3","34","The class 'FastMathTestPerformance' has a total cyclomatic complexity of 83 (highest 4).","Design","CyclomaticComplexity"
